{
  "project_info": {
    "project_number": "1021602728441",
    "firebase_url": "https://vue-project-89a24.firebaseio.com",
    "project_id": "vue-project-89a24",
    "storage_bucket": "vue-project-89a24.appspot.com"
  },
  "client": [
    {
      "client_info": {
        "mobilesdk_app_id": "1:1021602728441:android:a55b44eb41f1cb0e5b5528",
        "android_client_info": {
          "package_name": "com.android.ajax.bloodbank"
        }
      },
      "oauth_client": [
        {
          "client_id": "1021602728441-1v7rg2pg644qj4cv4f703fko12f2af74.apps.googleusercontent.com",
          "client_type": 3
        }
      ],
      "api_key": [
        {
          "current_key": "AIzaSyAfupk0Am_HNGgqqANAS5mryi_1hhjmcOQ"
        }
      ],
      "services": {
        "appinvite_service": {
          "other_platform_oauth_client": [
            {
              "client_id": "1021602728441-1v7rg2pg644qj4cv4f703fko12f2af74.apps.googleusercontent.com",
              "client_type": 3
            }
          ]
        }
      }
    }
  ],
  "configuration_version": "1"
}